bird_y,top_pipe_y,bottom_pipe_y,pipe_x,distance_to_pipe,gap_center,gap_size,action
300.4,225.0,375.0,395.0,345.0,300.0,150.0,0
301.2,225.0,375.0,390.0,340.0,300.0,150.0,0
302.4,225.0,375.0,385.0,335.0,300.0,150.0,0
304.0,225.0,375.0,380.0,330.0,300.0,150.0,0
306.0,225.0,375.0,375.0,325.0,300.0,150.0,0
308.4,225.0,375.0,370.0,320.0,300.0,150.0,0
311.2,225.0,375.0,365.0,315.0,300.0,150.0,0
314.4,225.0,375.0,360.0,310.0,300.0,150.0,0
318.0,225.0,375.0,355.0,305.0,300.0,150.0,0
322.0,225.0,375.0,350.0,300.0,300.0,150.0,0
326.4,225.0,375.0,345.0,295.0,300.0,150.0,0
331.2,225.0,375.0,340.0,290.0,300.0,150.0,0
336.4,225.0,375.0,335.0,285.0,300.0,150.0,0
342.0,225.0,375.0,330.0,280.0,300.0,150.0,0
348.0,225.0,375.0,325.0,275.0,300.0,150.0,0
354.4,225.0,375.0,320.0,270.0,300.0,150.0,0
361.2,225.0,375.0,315.0,265.0,300.0,150.0,0
368.4,225.0,375.0,310.0,260.0,300.0,150.0,0
376.0,225.0,375.0,305.0,255.0,300.0,150.0,0
384.0,225.0,375.0,300.0,250.0,300.0,150.0,0
392.4,225.0,375.0,295.0,245.0,300.0,150.0,0
401.2,225.0,375.0,290.0,240.0,300.0,150.0,0
410.4,225.0,375.0,285.0,235.0,300.0,150.0,0
403.79999999999995,225.0,375.0,280.0,230.0,300.0,150.0,1
397.59999999999997,225.0,375.0,275.0,225.0,300.0,150.0,0
391.79999999999995,225.0,375.0,270.0,220.0,300.0,150.0,0
386.4,225.0,375.0,265.0,215.0,300.0,150.0,0
381.4,225.0,375.0,260.0,210.0,300.0,150.0,0
376.79999999999995,225.0,375.0,255.0,205.0,300.0,150.0,0
372.59999999999997,225.0,375.0,250.0,200.0,300.0,150.0,0
368.79999999999995,225.0,375.0,245.0,195.0,300.0,150.0,0
365.4,225.0,375.0,240.0,190.0,300.0,150.0,0
362.4,225.0,375.0,235.0,185.0,300.0,150.0,0
359.79999999999995,225.0,375.0,230.0,180.0,300.0,150.0,0
357.59999999999997,225.0,375.0,225.0,175.0,300.0,150.0,0
355.79999999999995,225.0,375.0,220.0,170.0,300.0,150.0,0
354.4,225.0,375.0,215.0,165.0,300.0,150.0,0
353.4,225.0,375.0,210.0,160.0,300.0,150.0,0
352.79999999999995,225.0,375.0,205.0,155.0,300.0,150.0,0
352.59999999999997,225.0,375.0,200.0,150.0,300.0,150.0,0
345.99999999999994,225.0,375.0,195.0,145.0,300.0,150.0,1
339.79999999999995,225.0,375.0,190.0,140.0,300.0,150.0,0
333.99999999999994,225.0,375.0,185.0,135.0,300.0,150.0,0
328.59999999999997,225.0,375.0,180.0,130.0,300.0,150.0,0
323.59999999999997,225.0,375.0,175.0,125.0,300.0,150.0,0
318.99999999999994,225.0,375.0,170.0,120.0,300.0,150.0,0
314.79999999999995,225.0,375.0,165.0,115.0,300.0,150.0,0
310.99999999999994,225.0,375.0,160.0,110.0,300.0,150.0,0
307.59999999999997,225.0,375.0,155.0,105.0,300.0,150.0,0
304.59999999999997,225.0,375.0,150.0,100.0,300.0,150.0,0
301.99999999999994,225.0,375.0,145.0,95.0,300.0,150.0,0
299.79999999999995,225.0,375.0,140.0,90.0,300.0,150.0,0
297.99999999999994,225.0,375.0,135.0,85.0,300.0,150.0,0
296.59999999999997,225.0,375.0,130.0,80.0,300.0,150.0,0
295.59999999999997,225.0,375.0,125.0,75.0,300.0,150.0,0
294.99999999999994,225.0,375.0,120.0,70.0,300.0,150.0,0
294.79999999999995,225.0,375.0,115.0,65.0,300.0,150.0,0
294.99999999999994,225.0,375.0,110.0,60.0,300.0,150.0,0
295.59999999999997,225.0,375.0,105.0,55.0,300.0,150.0,0
296.59999999999997,225.0,375.0,100.0,50.0,300.0,150.0,0
297.99999999999994,225.0,375.0,95.0,45.0,300.0,150.0,0
299.79999999999995,225.0,375.0,90.0,40.0,300.0,150.0,0
301.99999999999994,225.0,375.0,85.0,35.0,300.0,150.0,0
304.59999999999997,225.0,375.0,80.0,30.0,300.0,150.0,0
307.59999999999997,225.0,375.0,75.0,25.0,300.0,150.0,0
310.99999999999994,225.0,375.0,70.0,20.0,300.0,150.0,0
314.79999999999995,225.0,375.0,65.0,15.0,300.0,150.0,0
318.99999999999994,225.0,375.0,60.0,10.0,300.0,150.0,0
323.59999999999997,225.0,375.0,55.0,5.0,300.0,150.0,0
316.99999999999994,225.0,375.0,50.0,0.0,300.0,150.0,1
310.79999999999995,225.0,375.0,45.0,-5.0,300.0,150.0,0
304.99999999999994,225.0,375.0,40.0,-10.0,300.0,150.0,0
299.59999999999997,225.0,375.0,35.0,-15.0,300.0,150.0,0
294.59999999999997,225.0,375.0,30.0,-20.0,300.0,150.0,0
289.99999999999994,225.0,375.0,25.0,-25.0,300.0,150.0,0
285.79999999999995,225.0,375.0,20.0,-30.0,300.0,150.0,0
281.99999999999994,225.0,375.0,15.0,-35.0,300.0,150.0,0
278.59999999999997,225.0,375.0,10.0,-40.0,300.0,150.0,0
275.59999999999997,225.0,375.0,5.0,-45.0,300.0,150.0,0
272.99999999999994,225.0,375.0,0.0,-50.0,300.0,150.0,0
270.79999999999995,225.0,375.0,-5.0,-55.0,300.0,150.0,0
268.99999999999994,225.0,375.0,-10.0,-60.0,300.0,150.0,0
267.59999999999997,225.0,375.0,-15.0,-65.0,300.0,150.0,0
266.59999999999997,225.0,375.0,-20.0,-70.0,300.0,150.0,0
265.99999999999994,225.0,375.0,-25.0,-75.0,300.0,150.0,0
265.79999999999995,225.0,375.0,-30.0,-80.0,300.0,150.0,0
265.99999999999994,225.0,375.0,-35.0,-85.0,300.0,150.0,0
266.59999999999997,225.0,375.0,-40.0,-90.0,300.0,150.0,0
267.59999999999997,225.0,375.0,-45.0,-95.0,300.0,150.0,0
268.99999999999994,225.0,375.0,-50.0,-100.0,300.0,150.0,0
270.79999999999995,225.0,375.0,-55.0,-105.0,300.0,150.0,0
272.99999999999994,225.0,375.0,-60.0,-110.0,300.0,150.0,0
275.59999999999997,345.0,495.0,400.0,350.0,420.0,150.0,0
278.59999999999997,345.0,495.0,395.0,345.0,420.0,150.0,0
281.99999999999994,345.0,495.0,390.0,340.0,420.0,150.0,0
285.79999999999995,345.0,495.0,385.0,335.0,420.0,150.0,0
289.99999999999994,345.0,495.0,380.0,330.0,420.0,150.0,0
294.59999999999997,345.0,495.0,375.0,325.0,420.0,150.0,0
299.59999999999997,345.0,495.0,370.0,320.0,420.0,150.0,0
304.99999999999994,345.0,495.0,365.0,315.0,420.0,150.0,0
310.79999999999995,345.0,495.0,360.0,310.0,420.0,150.0,0
316.99999999999994,345.0,495.0,355.0,305.0,420.0,150.0,0
323.59999999999997,345.0,495.0,350.0,300.0,420.0,150.0,0
330.59999999999997,345.0,495.0,345.0,295.0,420.0,150.0,0
337.99999999999994,345.0,495.0,340.0,290.0,420.0,150.0,0
345.79999999999995,345.0,495.0,335.0,285.0,420.0,150.0,0
353.99999999999994,345.0,495.0,330.0,280.0,420.0,150.0,0
362.59999999999997,345.0,495.0,325.0,275.0,420.0,150.0,0
355.99999999999994,345.0,495.0,320.0,270.0,420.0,150.0,1
349.79999999999995,345.0,495.0,315.0,265.0,420.0,150.0,0
343.99999999999994,345.0,495.0,310.0,260.0,420.0,150.0,0
338.59999999999997,345.0,495.0,305.0,255.0,420.0,150.0,0
333.59999999999997,345.0,495.0,300.0,250.0,420.0,150.0,0
328.99999999999994,345.0,495.0,295.0,245.0,420.0,150.0,0
324.79999999999995,345.0,495.0,290.0,240.0,420.0,150.0,0
320.99999999999994,345.0,495.0,285.0,235.0,420.0,150.0,0
317.59999999999997,345.0,495.0,280.0,230.0,420.0,150.0,0
314.59999999999997,345.0,495.0,275.0,225.0,420.0,150.0,0
311.99999999999994,345.0,495.0,270.0,220.0,420.0,150.0,0
309.79999999999995,345.0,495.0,265.0,215.0,420.0,150.0,0
307.99999999999994,345.0,495.0,260.0,210.0,420.0,150.0,0
306.59999999999997,345.0,495.0,255.0,205.0,420.0,150.0,0
305.59999999999997,345.0,495.0,250.0,200.0,420.0,150.0,0
304.99999999999994,345.0,495.0,245.0,195.0,420.0,150.0,0
304.79999999999995,345.0,495.0,240.0,190.0,420.0,150.0,0
304.99999999999994,345.0,495.0,235.0,185.0,420.0,150.0,0
305.59999999999997,345.0,495.0,230.0,180.0,420.0,150.0,0
306.59999999999997,345.0,495.0,225.0,175.0,420.0,150.0,0
307.99999999999994,345.0,495.0,220.0,170.0,420.0,150.0,0
309.79999999999995,345.0,495.0,215.0,165.0,420.0,150.0,0
311.99999999999994,345.0,495.0,210.0,160.0,420.0,150.0,0
314.59999999999997,345.0,495.0,205.0,155.0,420.0,150.0,0
317.59999999999997,345.0,495.0,200.0,150.0,420.0,150.0,0
320.99999999999994,345.0,495.0,195.0,145.0,420.0,150.0,0
324.79999999999995,345.0,495.0,190.0,140.0,420.0,150.0,0
328.99999999999994,345.0,495.0,185.0,135.0,420.0,150.0,0
333.59999999999997,345.0,495.0,180.0,130.0,420.0,150.0,0
338.59999999999997,345.0,495.0,175.0,125.0,420.0,150.0,0
343.99999999999994,345.0,495.0,170.0,120.0,420.0,150.0,0
349.79999999999995,345.0,495.0,165.0,115.0,420.0,150.0,0
355.99999999999994,345.0,495.0,160.0,110.0,420.0,150.0,0
362.59999999999997,345.0,495.0,155.0,105.0,420.0,150.0,0
369.59999999999997,345.0,495.0,150.0,100.0,420.0,150.0,0
376.99999999999994,345.0,495.0,145.0,95.0,420.0,150.0,0
384.79999999999995,345.0,495.0,140.0,90.0,420.0,150.0,0
392.99999999999994,345.0,495.0,135.0,85.0,420.0,150.0,0
401.59999999999997,345.0,495.0,130.0,80.0,420.0,150.0,0
410.59999999999997,345.0,495.0,125.0,75.0,420.0,150.0,0
420.0,345.0,495.0,120.0,70.0,420.0,150.0,0
429.8,345.0,495.0,115.0,65.0,420.0,150.0,0
440.0,345.0,495.0,110.0,60.0,420.0,150.0,0
450.6,345.0,495.0,105.0,55.0,420.0,150.0,0
461.6,345.0,495.0,100.0,50.0,420.0,150.0,0
455.0,345.0,495.0,95.0,45.0,420.0,150.0,1
448.8,345.0,495.0,90.0,40.0,420.0,150.0,0
443.0,345.0,495.0,85.0,35.0,420.0,150.0,0
437.6,345.0,495.0,80.0,30.0,420.0,150.0,0
432.6,345.0,495.0,75.0,25.0,420.0,150.0,0
428.0,345.0,495.0,70.0,20.0,420.0,150.0,0
423.8,345.0,495.0,65.0,15.0,420.0,150.0,0
420.0,345.0,495.0,60.0,10.0,420.0,150.0,0
416.6,345.0,495.0,55.0,5.0,420.0,150.0,0
413.6,345.0,495.0,50.0,0.0,420.0,150.0,0
411.0,345.0,495.0,45.0,-5.0,420.0,150.0,0
408.8,345.0,495.0,40.0,-10.0,420.0,150.0,0
407.0,345.0,495.0,35.0,-15.0,420.0,150.0,0
405.6,345.0,495.0,30.0,-20.0,420.0,150.0,0
404.6,345.0,495.0,25.0,-25.0,420.0,150.0,0
404.0,345.0,495.0,20.0,-30.0,420.0,150.0,0
403.8,345.0,495.0,15.0,-35.0,420.0,150.0,0
404.0,345.0,495.0,10.0,-40.0,420.0,150.0,0
404.6,345.0,495.0,5.0,-45.0,420.0,150.0,0
405.6,345.0,495.0,0.0,-50.0,420.0,150.0,0
407.0,345.0,495.0,-5.0,-55.0,420.0,150.0,0
408.8,345.0,495.0,-10.0,-60.0,420.0,150.0,0
411.0,345.0,495.0,-15.0,-65.0,420.0,150.0,0
413.6,345.0,495.0,-20.0,-70.0,420.0,150.0,0
416.6,345.0,495.0,-25.0,-75.0,420.0,150.0,0
420.0,345.0,495.0,-30.0,-80.0,420.0,150.0,0
423.8,345.0,495.0,-35.0,-85.0,420.0,150.0,0
428.0,345.0,495.0,-40.0,-90.0,420.0,150.0,0
432.6,345.0,495.0,-45.0,-95.0,420.0,150.0,0
437.6,345.0,495.0,-50.0,-100.0,420.0,150.0,0
443.0,345.0,495.0,-55.0,-105.0,420.0,150.0,0
448.8,345.0,495.0,-60.0,-110.0,420.0,150.0,0
455.0,109.0,259.0,400.0,350.0,184.0,150.0,0
461.6,109.0,259.0,395.0,345.0,184.0,150.0,0
468.6,109.0,259.0,390.0,340.0,184.0,150.0,0
476.0,109.0,259.0,385.0,335.0,184.0,150.0,0
483.8,109.0,259.0,380.0,330.0,184.0,150.0,0
492.0,109.0,259.0,375.0,325.0,184.0,150.0,0
500.6,109.0,259.0,370.0,320.0,184.0,150.0,0
509.6,109.0,259.0,365.0,315.0,184.0,150.0,0
519.0,109.0,259.0,360.0,310.0,184.0,150.0,0
528.8,109.0,259.0,355.0,305.0,184.0,150.0,0
539.0,109.0,259.0,350.0,300.0,184.0,150.0,0
549.6,109.0,259.0,345.0,295.0,184.0,150.0,0
560.6,109.0,259.0,340.0,290.0,184.0,150.0,0
572.0,109.0,259.0,335.0,285.0,184.0,150.0,0
583.8,109.0,259.0,330.0,280.0,184.0,150.0,0
596.0,109.0,259.0,325.0,275.0,184.0,150.0,0
589.4,109.0,259.0,320.0,270.0,184.0,150.0,1
583.1999999999999,109.0,259.0,315.0,265.0,184.0,150.0,0
577.4,109.0,259.0,310.0,260.0,184.0,150.0,0
572.0,109.0,259.0,305.0,255.0,184.0,150.0,0
567.0,109.0,259.0,300.0,250.0,184.0,150.0,0
562.4,109.0,259.0,295.0,245.0,184.0,150.0,0
558.1999999999999,109.0,259.0,290.0,240.0,184.0,150.0,0
554.4,109.0,259.0,285.0,235.0,184.0,150.0,0
547.8,109.0,259.0,280.0,230.0,184.0,150.0,1
541.5999999999999,109.0,259.0,275.0,225.0,184.0,150.0,0
535.8,109.0,259.0,270.0,220.0,184.0,150.0,0
530.4,109.0,259.0,265.0,215.0,184.0,150.0,0
525.4,109.0,259.0,260.0,210.0,184.0,150.0,0
520.8,109.0,259.0,255.0,205.0,184.0,150.0,0
514.1999999999999,109.0,259.0,250.0,200.0,184.0,150.0,1
507.99999999999994,109.0,259.0,245.0,195.0,184.0,150.0,0
502.19999999999993,109.0,259.0,240.0,190.0,184.0,150.0,0
496.79999999999995,109.0,259.0,235.0,185.0,184.0,150.0,0
491.79999999999995,109.0,259.0,230.0,180.0,184.0,150.0,0
487.19999999999993,109.0,259.0,225.0,175.0,184.0,150.0,0
480.5999999999999,109.0,259.0,220.0,170.0,184.0,150.0,1
474.3999999999999,109.0,259.0,215.0,165.0,184.0,150.0,0
468.5999999999999,109.0,259.0,210.0,160.0,184.0,150.0,0
463.19999999999993,109.0,259.0,205.0,155.0,184.0,150.0,0
458.19999999999993,109.0,259.0,200.0,150.0,184.0,150.0,0
453.5999999999999,109.0,259.0,195.0,145.0,184.0,150.0,0
449.3999999999999,109.0,259.0,190.0,140.0,184.0,150.0,0
442.7999999999999,109.0,259.0,185.0,135.0,184.0,150.0,1
436.5999999999999,109.0,259.0,180.0,130.0,184.0,150.0,0
430.7999999999999,109.0,259.0,175.0,125.0,184.0,150.0,0
425.3999999999999,109.0,259.0,170.0,120.0,184.0,150.0,0
420.3999999999999,109.0,259.0,165.0,115.0,184.0,150.0,0
415.7999999999999,109.0,259.0,160.0,110.0,184.0,150.0,0
409.1999999999999,109.0,259.0,155.0,105.0,184.0,150.0,1
402.9999999999999,109.0,259.0,150.0,100.0,184.0,150.0,0
397.1999999999999,109.0,259.0,145.0,95.0,184.0,150.0,0
391.7999999999999,109.0,259.0,140.0,90.0,184.0,150.0,0
386.7999999999999,109.0,259.0,135.0,85.0,184.0,150.0,0
382.1999999999999,109.0,259.0,130.0,80.0,184.0,150.0,0
377.9999999999999,109.0,259.0,125.0,75.0,184.0,150.0,0
371.39999999999986,109.0,259.0,120.0,70.0,184.0,150.0,1
365.1999999999999,109.0,259.0,115.0,65.0,184.0,150.0,0
359.39999999999986,109.0,259.0,110.0,60.0,184.0,150.0,0
353.9999999999999,109.0,259.0,105.0,55.0,184.0,150.0,0
348.9999999999999,109.0,259.0,100.0,50.0,184.0,150.0,0
344.39999999999986,109.0,259.0,95.0,45.0,184.0,150.0,0
337.79999999999984,109.0,259.0,90.0,40.0,184.0,150.0,1
331.59999999999985,109.0,259.0,85.0,35.0,184.0,150.0,0
325.79999999999984,109.0,259.0,80.0,30.0,184.0,150.0,0
320.39999999999986,109.0,259.0,75.0,25.0,184.0,150.0,0
315.39999999999986,109.0,259.0,70.0,20.0,184.0,150.0,0
310.79999999999984,109.0,259.0,65.0,15.0,184.0,150.0,0
306.59999999999985,109.0,259.0,60.0,10.0,184.0,150.0,0
302.79999999999984,109.0,259.0,55.0,5.0,184.0,150.0,0
296.1999999999998,109.0,259.0,50.0,0.0,184.0,150.0,1
289.99999999999983,109.0,259.0,45.0,-5.0,184.0,150.0,0
284.1999999999998,109.0,259.0,40.0,-10.0,184.0,150.0,0
278.79999999999984,109.0,259.0,35.0,-15.0,184.0,150.0,0
273.79999999999984,109.0,259.0,30.0,-20.0,184.0,150.0,0
269.1999999999998,109.0,259.0,25.0,-25.0,184.0,150.0,0
264.99999999999983,109.0,259.0,20.0,-30.0,184.0,150.0,0
261.1999999999998,109.0,259.0,15.0,-35.0,184.0,150.0,0
257.79999999999984,109.0,259.0,10.0,-40.0,184.0,150.0,0
254.79999999999984,109.0,259.0,5.0,-45.0,184.0,150.0,0
252.19999999999985,109.0,259.0,0.0,-50.0,184.0,150.0,0
249.99999999999986,109.0,259.0,-5.0,-55.0,184.0,150.0,0
248.19999999999985,109.0,259.0,-10.0,-60.0,184.0,150.0,0
246.79999999999984,109.0,259.0,-15.0,-65.0,184.0,150.0,0
245.79999999999984,109.0,259.0,-20.0,-70.0,184.0,150.0,0
245.19999999999985,109.0,259.0,-25.0,-75.0,184.0,150.0,0
244.99999999999986,109.0,259.0,-30.0,-80.0,184.0,150.0,0
245.19999999999985,109.0,259.0,-35.0,-85.0,184.0,150.0,0
245.79999999999984,109.0,259.0,-40.0,-90.0,184.0,150.0,0
246.79999999999984,109.0,259.0,-45.0,-95.0,184.0,150.0,0
248.19999999999985,109.0,259.0,-50.0,-100.0,184.0,150.0,0
249.99999999999986,109.0,259.0,-55.0,-105.0,184.0,150.0,0
243.39999999999986,109.0,259.0,-60.0,-110.0,184.0,150.0,1
237.19999999999987,63.0,213.0,400.0,350.0,138.0,150.0,0
231.39999999999986,63.0,213.0,395.0,345.0,138.0,150.0,0
225.99999999999986,63.0,213.0,390.0,340.0,138.0,150.0,0
220.99999999999986,63.0,213.0,385.0,335.0,138.0,150.0,0
216.39999999999986,63.0,213.0,380.0,330.0,138.0,150.0,0
212.19999999999987,63.0,213.0,375.0,325.0,138.0,150.0,0
208.39999999999986,63.0,213.0,370.0,320.0,138.0,150.0,0
204.99999999999986,63.0,213.0,365.0,315.0,138.0,150.0,0
201.99999999999986,63.0,213.0,360.0,310.0,138.0,150.0,0
199.39999999999986,63.0,213.0,355.0,305.0,138.0,150.0,0
197.19999999999987,63.0,213.0,350.0,300.0,138.0,150.0,0
195.39999999999986,63.0,213.0,345.0,295.0,138.0,150.0,0
193.99999999999986,63.0,213.0,340.0,290.0,138.0,150.0,0
192.99999999999986,63.0,213.0,335.0,285.0,138.0,150.0,0
186.39999999999986,63.0,213.0,330.0,280.0,138.0,150.0,1
180.19999999999987,63.0,213.0,325.0,275.0,138.0,150.0,0
174.39999999999986,63.0,213.0,320.0,270.0,138.0,150.0,0
168.99999999999986,63.0,213.0,315.0,265.0,138.0,150.0,0
163.99999999999986,63.0,213.0,310.0,260.0,138.0,150.0,0
159.39999999999986,63.0,213.0,305.0,255.0,138.0,150.0,0
155.19999999999987,63.0,213.0,300.0,250.0,138.0,150.0,0
151.39999999999986,63.0,213.0,295.0,245.0,138.0,150.0,0
147.99999999999986,63.0,213.0,290.0,240.0,138.0,150.0,0
144.99999999999986,63.0,213.0,285.0,235.0,138.0,150.0,0
142.39999999999986,63.0,213.0,280.0,230.0,138.0,150.0,0
140.19999999999987,63.0,213.0,275.0,225.0,138.0,150.0,0
138.39999999999986,63.0,213.0,270.0,220.0,138.0,150.0,0
136.99999999999986,63.0,213.0,265.0,215.0,138.0,150.0,0
135.99999999999986,63.0,213.0,260.0,210.0,138.0,150.0,0
135.39999999999986,63.0,213.0,255.0,205.0,138.0,150.0,0
135.19999999999987,63.0,213.0,250.0,200.0,138.0,150.0,0
135.39999999999986,63.0,213.0,245.0,195.0,138.0,150.0,0
135.99999999999986,63.0,213.0,240.0,190.0,138.0,150.0,0
136.99999999999986,63.0,213.0,235.0,185.0,138.0,150.0,0
138.39999999999986,63.0,213.0,230.0,180.0,138.0,150.0,0
140.19999999999987,63.0,213.0,225.0,175.0,138.0,150.0,0
142.39999999999986,63.0,213.0,220.0,170.0,138.0,150.0,0
144.99999999999986,63.0,213.0,215.0,165.0,138.0,150.0,0
147.99999999999986,63.0,213.0,210.0,160.0,138.0,150.0,0
151.39999999999986,63.0,213.0,205.0,155.0,138.0,150.0,0
155.19999999999987,63.0,213.0,200.0,150.0,138.0,150.0,0
159.39999999999986,63.0,213.0,195.0,145.0,138.0,150.0,0
163.99999999999986,63.0,213.0,190.0,140.0,138.0,150.0,0
168.99999999999986,63.0,213.0,185.0,135.0,138.0,150.0,0
174.39999999999986,63.0,213.0,180.0,130.0,138.0,150.0,0
180.19999999999987,63.0,213.0,175.0,125.0,138.0,150.0,0
186.3999999999999,63.0,213.0,170.0,120.0,138.0,150.0,0
192.9999999999999,63.0,213.0,165.0,115.0,138.0,150.0,0
199.9999999999999,63.0,213.0,160.0,110.0,138.0,150.0,0
207.3999999999999,63.0,213.0,155.0,105.0,138.0,150.0,0
215.1999999999999,63.0,213.0,150.0,100.0,138.0,150.0,0
223.39999999999992,63.0,213.0,145.0,95.0,138.0,150.0,0
231.99999999999991,63.0,213.0,140.0,90.0,138.0,150.0,0
240.99999999999991,63.0,213.0,135.0,85.0,138.0,150.0,0
250.39999999999992,63.0,213.0,130.0,80.0,138.0,150.0,0
260.19999999999993,63.0,213.0,125.0,75.0,138.0,150.0,0
270.3999999999999,63.0,213.0,120.0,70.0,138.0,150.0,0
280.99999999999994,63.0,213.0,115.0,65.0,138.0,150.0,0
291.99999999999994,63.0,213.0,110.0,60.0,138.0,150.0,0
303.4,63.0,213.0,105.0,55.0,138.0,150.0,0
315.2,63.0,213.0,100.0,50.0,138.0,150.0,0
327.4,63.0,213.0,95.0,45.0,138.0,150.0,0
340.0,63.0,213.0,90.0,40.0,138.0,150.0,0
353.0,63.0,213.0,85.0,35.0,138.0,150.0,0
366.40000000000003,63.0,213.0,80.0,30.0,138.0,150.0,0
380.20000000000005,63.0,213.0,75.0,25.0,138.0,150.0,0
394.40000000000003,63.0,213.0,70.0,20.0,138.0,150.0,0
409.00000000000006,63.0,213.0,65.0,15.0,138.0,150.0,0
424.00000000000006,63.0,213.0,60.0,10.0,138.0,150.0,0
439.4000000000001,63.0,213.0,55.0,5.0,138.0,150.0,0
455.2000000000001,63.0,213.0,50.0,0.0,138.0,150.0,0
471.4000000000001,63.0,213.0,45.0,-5.0,138.0,150.0,0
488.0000000000001,63.0,213.0,40.0,-10.0,138.0,150.0,0
505.0000000000001,63.0,213.0,35.0,-15.0,138.0,150.0,0
522.4000000000001,63.0,213.0,30.0,-20.0,138.0,150.0,0
540.2,63.0,213.0,25.0,-25.0,138.0,150.0,0
558.4000000000001,63.0,213.0,20.0,-30.0,138.0,150.0,0
577.0000000000001,63.0,213.0,15.0,-35.0,138.0,150.0,0
596.0000000000001,63.0,213.0,10.0,-40.0,138.0,150.0,0
615.4000000000001,63.0,213.0,5.0,-45.0,138.0,150.0,0
635.2,63.0,213.0,0.0,-50.0,138.0,150.0,0
655.4000000000001,63.0,213.0,-5.0,-55.0,138.0,150.0,0
676.0000000000001,63.0,213.0,-10.0,-60.0,138.0,150.0,0
697.0000000000001,63.0,213.0,-15.0,-65.0,138.0,150.0,0
718.4000000000001,63.0,213.0,-20.0,-70.0,138.0,150.0,0
740.2,63.0,213.0,-25.0,-75.0,138.0,150.0,0
762.4000000000001,63.0,213.0,-30.0,-80.0,138.0,150.0,0
785.0000000000001,63.0,213.0,-35.0,-85.0,138.0,150.0,0
808.0000000000001,63.0,213.0,-40.0,-90.0,138.0,150.0,0
831.4000000000001,63.0,213.0,-45.0,-95.0,138.0,150.0,0
855.2,63.0,213.0,-50.0,-100.0,138.0,150.0,0
879.4,63.0,213.0,-55.0,-105.0,138.0,150.0,0
904.0,63.0,213.0,-60.0,-110.0,138.0,150.0,0
929.0,277.0,427.0,400.0,350.0,352.0,150.0,0
954.4,277.0,427.0,395.0,345.0,352.0,150.0,0
980.1999999999999,277.0,427.0,390.0,340.0,352.0,150.0,0
1006.3999999999999,277.0,427.0,385.0,335.0,352.0,150.0,0
1032.9999999999998,277.0,427.0,380.0,330.0,352.0,150.0,0
1059.9999999999998,277.0,427.0,375.0,325.0,352.0,150.0,0
1087.3999999999996,277.0,427.0,370.0,320.0,352.0,150.0,0
1115.1999999999996,277.0,427.0,365.0,315.0,352.0,150.0,0
1143.3999999999996,277.0,427.0,360.0,310.0,352.0,150.0,0
1171.9999999999995,277.0,427.0,355.0,305.0,352.0,150.0,0
1200.9999999999995,277.0,427.0,350.0,300.0,352.0,150.0,0
1230.3999999999994,277.0,427.0,345.0,295.0,352.0,150.0,0
1260.1999999999994,277.0,427.0,340.0,290.0,352.0,150.0,0
1290.3999999999994,277.0,427.0,335.0,285.0,352.0,150.0,0
1320.9999999999993,277.0,427.0,330.0,280.0,352.0,150.0,0
1351.9999999999993,277.0,427.0,325.0,275.0,352.0,150.0,0
1383.3999999999992,277.0,427.0,320.0,270.0,352.0,150.0,0
1415.1999999999991,277.0,427.0,315.0,265.0,352.0,150.0,0
1447.3999999999992,277.0,427.0,310.0,260.0,352.0,150.0,0
1479.999999999999,277.0,427.0,305.0,255.0,352.0,150.0,0
1512.999999999999,277.0,427.0,300.0,250.0,352.0,150.0,0
1546.399999999999,277.0,427.0,295.0,245.0,352.0,150.0,0
1580.199999999999,277.0,427.0,290.0,240.0,352.0,150.0,0
1614.399999999999,277.0,427.0,285.0,235.0,352.0,150.0,0
1648.9999999999989,277.0,427.0,280.0,230.0,352.0,150.0,0
1683.9999999999989,277.0,427.0,275.0,225.0,352.0,150.0,0
1719.3999999999987,277.0,427.0,270.0,220.0,352.0,150.0,0
1755.1999999999987,277.0,427.0,265.0,215.0,352.0,150.0,0
1791.3999999999987,277.0,427.0,260.0,210.0,352.0,150.0,0
1827.9999999999986,277.0,427.0,255.0,205.0,352.0,150.0,0
1864.9999999999986,277.0,427.0,250.0,200.0,352.0,150.0,0
1902.3999999999985,277.0,427.0,245.0,195.0,352.0,150.0,0
1940.1999999999985,277.0,427.0,240.0,190.0,352.0,150.0,0
1978.3999999999983,277.0,427.0,235.0,185.0,352.0,150.0,0
2016.9999999999982,277.0,427.0,230.0,180.0,352.0,150.0,0
2055.999999999998,277.0,427.0,225.0,175.0,352.0,150.0,0
2095.3999999999983,277.0,427.0,220.0,170.0,352.0,150.0,0
2135.199999999998,277.0,427.0,215.0,165.0,352.0,150.0,0
2175.399999999998,277.0,427.0,210.0,160.0,352.0,150.0,0
2215.9999999999977,277.0,427.0,205.0,155.0,352.0,150.0,0
2256.9999999999977,277.0,427.0,200.0,150.0,352.0,150.0,0
2298.399999999998,277.0,427.0,195.0,145.0,352.0,150.0,0
2340.1999999999975,277.0,427.0,190.0,140.0,352.0,150.0,0
2382.3999999999974,277.0,427.0,185.0,135.0,352.0,150.0,0
2424.9999999999973,277.0,427.0,180.0,130.0,352.0,150.0,0
2467.9999999999973,277.0,427.0,175.0,125.0,352.0,150.0,0
2511.3999999999974,277.0,427.0,170.0,120.0,352.0,150.0,0
2555.199999999997,277.0,427.0,165.0,115.0,352.0,150.0,0
2599.399999999997,277.0,427.0,160.0,110.0,352.0,150.0,0
2643.999999999997,277.0,427.0,155.0,105.0,352.0,150.0,0
2688.999999999997,277.0,427.0,150.0,100.0,352.0,150.0,0
2734.399999999997,277.0,427.0,145.0,95.0,352.0,150.0,0
2780.1999999999966,277.0,427.0,140.0,90.0,352.0,150.0,0
2826.3999999999965,277.0,427.0,135.0,85.0,352.0,150.0,0
2872.9999999999964,277.0,427.0,130.0,80.0,352.0,150.0,0
2919.9999999999964,277.0,427.0,125.0,75.0,352.0,150.0,0
2967.3999999999965,277.0,427.0,120.0,70.0,352.0,150.0,0
3015.199999999996,277.0,427.0,115.0,65.0,352.0,150.0,0
3063.399999999996,277.0,427.0,110.0,60.0,352.0,150.0,0
3111.999999999996,277.0,427.0,105.0,55.0,352.0,150.0,0
3160.999999999996,277.0,427.0,100.0,50.0,352.0,150.0,0
3210.399999999996,277.0,427.0,95.0,45.0,352.0,150.0,0
3260.1999999999957,277.0,427.0,90.0,40.0,352.0,150.0,0
3310.3999999999955,277.0,427.0,85.0,35.0,352.0,150.0,0
3360.9999999999955,277.0,427.0,80.0,30.0,352.0,150.0,0
3411.9999999999955,277.0,427.0,75.0,25.0,352.0,150.0,0
3463.3999999999955,277.0,427.0,70.0,20.0,352.0,150.0,0
3515.1999999999953,277.0,427.0,65.0,15.0,352.0,150.0,0
3567.399999999995,277.0,427.0,60.0,10.0,352.0,150.0,0
3619.999999999995,277.0,427.0,55.0,5.0,352.0,150.0,0
3672.999999999995,277.0,427.0,50.0,0.0,352.0,150.0,0
3726.399999999995,277.0,427.0,45.0,-5.0,352.0,150.0,0
3780.199999999995,277.0,427.0,40.0,-10.0,352.0,150.0,0
3834.3999999999946,277.0,427.0,35.0,-15.0,352.0,150.0,0
3888.9999999999945,277.0,427.0,30.0,-20.0,352.0,150.0,0
3943.9999999999945,277.0,427.0,25.0,-25.0,352.0,150.0,0
3999.3999999999946,277.0,427.0,20.0,-30.0,352.0,150.0,0
4055.1999999999944,277.0,427.0,15.0,-35.0,352.0,150.0,0
4111.399999999994,277.0,427.0,10.0,-40.0,352.0,150.0,0
4167.999999999994,277.0,427.0,5.0,-45.0,352.0,150.0,0
4224.999999999994,277.0,427.0,0.0,-50.0,352.0,150.0,0
4282.399999999993,277.0,427.0,-5.0,-55.0,352.0,150.0,0
4340.199999999993,277.0,427.0,-10.0,-60.0,352.0,150.0,0
4398.399999999993,277.0,427.0,-15.0,-65.0,352.0,150.0,0
4456.999999999993,277.0,427.0,-20.0,-70.0,352.0,150.0,0
4515.999999999993,277.0,427.0,-25.0,-75.0,352.0,150.0,0
4575.399999999992,277.0,427.0,-30.0,-80.0,352.0,150.0,0
4635.1999999999925,277.0,427.0,-35.0,-85.0,352.0,150.0,0
4695.399999999992,277.0,427.0,-40.0,-90.0,352.0,150.0,0
4755.999999999992,277.0,427.0,-45.0,-95.0,352.0,150.0,0
4816.999999999992,277.0,427.0,-50.0,-100.0,352.0,150.0,0
4878.399999999991,277.0,427.0,-55.0,-105.0,352.0,150.0,0
4940.199999999992,277.0,427.0,-60.0,-110.0,352.0,150.0,0
5002.399999999991,90.0,240.0,400.0,350.0,165.0,150.0,0
5064.999999999991,90.0,240.0,395.0,345.0,165.0,150.0,0
5127.999999999991,90.0,240.0,390.0,340.0,165.0,150.0,0
5191.3999999999905,90.0,240.0,385.0,335.0,165.0,150.0,0
5255.199999999991,90.0,240.0,380.0,330.0,165.0,150.0,0
5319.3999999999905,90.0,240.0,375.0,325.0,165.0,150.0,0
5383.99999999999,90.0,240.0,370.0,320.0,165.0,150.0,0
5448.99999999999,90.0,240.0,365.0,315.0,165.0,150.0,0
5514.39999999999,90.0,240.0,360.0,310.0,165.0,150.0,0
5580.19999999999,90.0,240.0,355.0,305.0,165.0,150.0,0
5646.39999999999,90.0,240.0,350.0,300.0,165.0,150.0,0
5712.999999999989,90.0,240.0,345.0,295.0,165.0,150.0,0
5779.999999999989,90.0,240.0,340.0,290.0,165.0,150.0,0
5847.399999999989,90.0,240.0,335.0,285.0,165.0,150.0,0
5915.199999999989,90.0,240.0,330.0,280.0,165.0,150.0,0
5983.399999999989,90.0,240.0,325.0,275.0,165.0,150.0,0
6051.999999999989,90.0,240.0,320.0,270.0,165.0,150.0,0
6120.999999999989,90.0,240.0,315.0,265.0,165.0,150.0,0
6190.399999999989,90.0,240.0,310.0,260.0,165.0,150.0,0
6260.199999999989,90.0,240.0,305.0,255.0,165.0,150.0,0
6330.399999999989,90.0,240.0,300.0,250.0,165.0,150.0,0
6400.999999999989,90.0,240.0,295.0,245.0,165.0,150.0,0
6471.999999999989,90.0,240.0,290.0,240.0,165.0,150.0,0
6543.399999999989,90.0,240.0,285.0,235.0,165.0,150.0,0
6615.199999999989,90.0,240.0,280.0,230.0,165.0,150.0,0
6687.399999999989,90.0,240.0,275.0,225.0,165.0,150.0,0
6759.999999999989,90.0,240.0,270.0,220.0,165.0,150.0,0
6832.999999999989,90.0,240.0,265.0,215.0,165.0,150.0,0
6906.399999999989,90.0,240.0,260.0,210.0,165.0,150.0,0
6980.199999999989,90.0,240.0,255.0,205.0,165.0,150.0,0
7054.399999999989,90.0,240.0,250.0,200.0,165.0,150.0,0
7128.999999999989,90.0,240.0,245.0,195.0,165.0,150.0,0
7203.999999999989,90.0,240.0,240.0,190.0,165.0,150.0,0
7279.399999999989,90.0,240.0,235.0,185.0,165.0,150.0,0
7355.199999999989,90.0,240.0,230.0,180.0,165.0,150.0,0
7431.399999999989,90.0,240.0,225.0,175.0,165.0,150.0,0
7507.999999999989,90.0,240.0,220.0,170.0,165.0,150.0,0
7584.999999999989,90.0,240.0,215.0,165.0,165.0,150.0,0
7662.399999999989,90.0,240.0,210.0,160.0,165.0,150.0,0
7740.199999999989,90.0,240.0,205.0,155.0,165.0,150.0,0
7818.399999999989,90.0,240.0,200.0,150.0,165.0,150.0,0
